# Pretty URLs → serve the .html file (REWRITE, not redirect)
# Auth

/reset-password      /reset-password.html      200
/onboarding          /onboarding.html          200
/onboarding-wizard   /onboarding-wizard.html   200
/signup              /signup.html              200
/dashboard           /dashboard.html           200
/clips-dashboard     /clips-dashboard.html     200

# App
/dashboard           /dashboard.html           200
/clips-dashboard     /clips-dashboard.html     200
/privacy-policy      /privacy-policy.html      200
/terms-of-use        /terms-of-use.html        200
/data-deletion       /data-deletion.html       200
/thank-you           /thank-you.html           200
/waitlist            /waitlist.html            200
/demo-features       /demo-features.html       200

# Legacy Netlify paths → Pages Functions (rewrite)
# (keeps old URLs from breaking)
# /.netlify/functions/:splat   /api/:splat        200

